level,region,province,year,period,gdp,real_growth,source_url,published_at,note
# 说明：本文件录入国家统计局接口抓不到的数据（地级市季度 / 年度数据），或用于修正接口数据。以 # 开头的行会被忽略。
# level：city 或 province；region：地区名，全称简称都行（如 苏州 / 苏州市 / 甘孜）；province：所属省，城市重名时必填
# period：Q1 一季度 / H1 上半年 / Q3 前三季度 / FY 全年（均为累计值）；gdp 单位亿元；real_growth 为实际增速百分数（如 5.6），没公布留空
# source_url 必填（统计局发布页或统计公报链接）；published_at 格式 2026-10-24
# 示例（删掉开头的 # 即生效）：
#city,苏州,江苏,2026,H1,0,,https://tjj.suzhou.gov.cn/,2026-07-25,示例行
city,九江,江西,2024,FY,,3.8,https://www.jjxw.cn/article/2025/02/14/561309.html,2025-02-14,九江市政府工作报告公布地区生产总值增长3.8%
city,九江,江西,2025,Q1,963.23,6.1,https://m.jxnews.com.cn/jxjjiang/system/2025/04/23/020850540.shtml,2025-04-23,九江市统计局专场新闻发布会公布一季度GDP同比增长6.1%
city,九江,江西,2025,H1,1911.50,5.6,https://www.jjxw.cn/article/2025/07/30/718747.html,2025-07-30,九江市统计局新闻发布会公布上半年GDP同比增长5.6%
city,九江,江西,2025,Q3,3000.84,5.5,https://www.jjxw.cn/article/2025/10/29/739760.html,2025-10-29,九江市统计局新闻发布会公布前三季度GDP按可比价格同比增长5.5%
city,九江,江西,2025,FY,,5.2,https://www.jjxw.cn/article/2026/05/29/779574.html,2026-05-29,九江市统计局和国家统计局九江调查队统计公报公布全年GDP增长5.2%
city,九江,江西,2026,H1,,4.2,https://www.jjxw.cn/article/2026/07/23/789464.html,2026-07-23,九江市统计局新闻发布会公布上半年GDP增长4.2%
city,南昌,江西,2025,Q3,,4.9,https://www.ningdu.gov.cn/ndxxxgk/tjxx/202511/9f70af58136f428eb0c9c38a196fa26c.shtml,2025-11-06,江西省统计局发布的各设区市主要经济指标表公布前三季度GDP实际增速
city,景德镇,江西,2025,Q3,,-0.3,https://www.ningdu.gov.cn/ndxxxgk/tjxx/202511/9f70af58136f428eb0c9c38a196fa26c.shtml,2025-11-06,江西省统计局发布的各设区市主要经济指标表公布前三季度GDP实际增速
city,萍乡,江西,2025,Q3,,5.3,https://www.ningdu.gov.cn/ndxxxgk/tjxx/202511/9f70af58136f428eb0c9c38a196fa26c.shtml,2025-11-06,江西省统计局发布的各设区市主要经济指标表公布前三季度GDP实际增速
city,新余,江西,2025,Q3,,5.9,https://www.ningdu.gov.cn/ndxxxgk/tjxx/202511/9f70af58136f428eb0c9c38a196fa26c.shtml,2025-11-06,江西省统计局发布的各设区市主要经济指标表公布前三季度GDP实际增速
city,鹰潭,江西,2025,Q3,,6.7,https://www.ningdu.gov.cn/ndxxxgk/tjxx/202511/9f70af58136f428eb0c9c38a196fa26c.shtml,2025-11-06,江西省统计局发布的各设区市主要经济指标表公布前三季度GDP实际增速
city,赣州,江西,2025,Q3,,5.6,https://www.ningdu.gov.cn/ndxxxgk/tjxx/202511/9f70af58136f428eb0c9c38a196fa26c.shtml,2025-11-06,江西省统计局发布的各设区市主要经济指标表公布前三季度GDP实际增速
city,吉安,江西,2025,Q3,,6.0,https://www.ningdu.gov.cn/ndxxxgk/tjxx/202511/9f70af58136f428eb0c9c38a196fa26c.shtml,2025-11-06,江西省统计局发布的各设区市主要经济指标表公布前三季度GDP实际增速
city,宜春,江西,2025,Q3,,5.8,https://www.ningdu.gov.cn/ndxxxgk/tjxx/202511/9f70af58136f428eb0c9c38a196fa26c.shtml,2025-11-06,江西省统计局发布的各设区市主要经济指标表公布前三季度GDP实际增速
city,抚州,江西,2025,Q3,,6.2,https://www.ningdu.gov.cn/ndxxxgk/tjxx/202511/9f70af58136f428eb0c9c38a196fa26c.shtml,2025-11-06,江西省统计局发布的各设区市主要经济指标表公布前三季度GDP实际增速
city,上饶,江西,2025,Q3,,5.8,https://www.ningdu.gov.cn/ndxxxgk/tjxx/202511/9f70af58136f428eb0c9c38a196fa26c.shtml,2025-11-06,江西省统计局发布的各设区市主要经济指标表公布前三季度GDP实际增速
city,韶关,广东,2026,H1,,5.0,https://m.gotohui.com/gdp/list/191686.html,2026-08-31,聚汇数据整理各市统计部门公布数据；该页面口径说明指出增长率为按不变价计算的可比增速。
city,珠海,广东,2026,H1,,5.2,https://m.gotohui.com/gdp/list/191686.html,2026-08-31,聚汇数据整理各市统计部门公布数据；该页面口径说明指出增长率为按不变价计算的可比增速。
city,汕头,广东,2026,H1,,0.1,https://m.gotohui.com/gdp/list/191686.html,2026-08-31,聚汇数据整理各市统计部门公布数据；该页面口径说明指出增长率为按不变价计算的可比增速。
city,江门,广东,2026,H1,,4.5,https://m.gotohui.com/gdp/list/191686.html,2026-08-31,聚汇数据整理各市统计部门公布数据；该页面口径说明指出增长率为按不变价计算的可比增速。
city,湛江,广东,2026,H1,,3.7,https://m.gotohui.com/gdp/list/191686.html,2026-08-31,聚汇数据整理各市统计部门公布数据；该页面口径说明指出增长率为按不变价计算的可比增速。
city,茂名,广东,2026,H1,,2.5,https://m.gotohui.com/gdp/list/191686.html,2026-08-31,聚汇数据整理各市统计部门公布数据；该页面口径说明指出增长率为按不变价计算的可比增速。
city,肇庆,广东,2026,H1,,0.4,https://m.gotohui.com/gdp/list/191686.html,2026-08-31,聚汇数据整理各市统计部门公布数据；该页面口径说明指出增长率为按不变价计算的可比增速。
city,惠州,广东,2026,H1,,3.0,https://m.gotohui.com/gdp/list/191686.html,2026-08-31,聚汇数据整理各市统计部门公布数据；该页面口径说明指出增长率为按不变价计算的可比增速。
city,梅州,广东,2026,H1,,6.5,https://m.gotohui.com/gdp/list/191686.html,2026-08-31,聚汇数据整理各市统计部门公布数据；该页面口径说明指出增长率为按不变价计算的可比增速。
city,汕尾,广东,2026,H1,,4.7,https://m.gotohui.com/gdp/list/191686.html,2026-08-31,聚汇数据整理各市统计部门公布数据；该页面口径说明指出增长率为按不变价计算的可比增速。
city,河源,广东,2026,H1,,0.5,https://m.gotohui.com/gdp/list/191686.html,2026-08-31,聚汇数据整理各市统计部门公布数据；该页面口径说明指出增长率为按不变价计算的可比增速。
city,阳江,广东,2026,H1,,3.7,https://m.gotohui.com/gdp/list/191686.html,2026-08-31,聚汇数据整理各市统计部门公布数据；该页面口径说明指出增长率为按不变价计算的可比增速。
city,清远,广东,2026,H1,,5.7,https://m.gotohui.com/gdp/list/191686.html,2026-08-31,聚汇数据整理各市统计部门公布数据；该页面口径说明指出增长率为按不变价计算的可比增速。
city,中山,广东,2026,H1,,6.0,https://m.gotohui.com/gdp/list/191686.html,2026-08-31,聚汇数据整理各市统计部门公布数据；该页面口径说明指出增长率为按不变价计算的可比增速。
city,潮州,广东,2026,H1,,4.9,https://m.gotohui.com/gdp/list/191686.html,2026-08-31,聚汇数据整理各市统计部门公布数据；该页面口径说明指出增长率为按不变价计算的可比增速。
city,揭阳,广东,2026,H1,,0.1,https://m.gotohui.com/gdp/list/191686.html,2026-08-31,聚汇数据整理各市统计部门公布数据；该页面口径说明指出增长率为按不变价计算的可比增速。
city,云浮,广东,2026,H1,,6.1,https://m.gotohui.com/gdp/list/191686.html,2026-08-31,聚汇数据整理各市统计部门公布数据；该页面口径说明指出增长率为按不变价计算的可比增速。
city,南昌,江西,2025,H1,,5.0,https://www.ningdu.gov.cn/ndxxxgk/tjxx/202508/4082919265914c078acaad0b075b5702.shtml,2025-08-01,江西省统计局发布的各设区市主要经济指标表公布上半年GDP实际增速
city,景德镇,江西,2025,H1,,3.6,https://www.ningdu.gov.cn/ndxxxgk/tjxx/202508/4082919265914c078acaad0b075b5702.shtml,2025-08-01,江西省统计局发布的各设区市主要经济指标表公布上半年GDP实际增速
city,萍乡,江西,2025,H1,,5.4,https://www.ningdu.gov.cn/ndxxxgk/tjxx/202508/4082919265914c078acaad0b075b5702.shtml,2025-08-01,江西省统计局发布的各设区市主要经济指标表公布上半年GDP实际增速
city,新余,江西,2025,H1,,5.7,https://www.ningdu.gov.cn/ndxxxgk/tjxx/202508/4082919265914c078acaad0b075b5702.shtml,2025-08-01,江西省统计局发布的各设区市主要经济指标表公布上半年GDP实际增速
city,鹰潭,江西,2025,H1,,6.8,https://www.ningdu.gov.cn/ndxxxgk/tjxx/202508/4082919265914c078acaad0b075b5702.shtml,2025-08-01,江西省统计局发布的各设区市主要经济指标表公布上半年GDP实际增速
city,赣州,江西,2025,H1,,5.6,https://www.ningdu.gov.cn/ndxxxgk/tjxx/202508/4082919265914c078acaad0b075b5702.shtml,2025-08-01,江西省统计局发布的各设区市主要经济指标表公布上半年GDP实际增速
city,吉安,江西,2025,H1,,5.8,https://www.ningdu.gov.cn/ndxxxgk/tjxx/202508/4082919265914c078acaad0b075b5702.shtml,2025-08-01,江西省统计局发布的各设区市主要经济指标表公布上半年GDP实际增速
city,宜春,江西,2025,H1,,6.0,https://www.ningdu.gov.cn/ndxxxgk/tjxx/202508/4082919265914c078acaad0b075b5702.shtml,2025-08-01,江西省统计局发布的各设区市主要经济指标表公布上半年GDP实际增速
city,抚州,江西,2025,H1,,6.2,https://www.ningdu.gov.cn/ndxxxgk/tjxx/202508/4082919265914c078acaad0b075b5702.shtml,2025-08-01,江西省统计局发布的各设区市主要经济指标表公布上半年GDP实际增速
city,上饶,江西,2025,H1,,5.9,https://www.ningdu.gov.cn/ndxxxgk/tjxx/202508/4082919265914c078acaad0b075b5702.shtml,2025-08-01,江西省统计局发布的各设区市主要经济指标表公布上半年GDP实际增速
city,南昌,江西,2026,H1,,4.6,https://www.askci.com/news/data/hongguan/20260804/141506278582410610314374.shtml,2026-08-04,中商产业研究院汇总江西各市GDP实际增速（按不变价）；非市统计局原始发布
city,景德镇,江西,2026,H1,,1.2,https://www.askci.com/news/data/hongguan/20260804/141506278582410610314374.shtml,2026-08-04,中商产业研究院汇总江西各市GDP实际增速（按不变价）；非市统计局原始发布
city,萍乡,江西,2026,H1,,5.1,https://www.askci.com/news/data/hongguan/20260804/141506278582410610314374.shtml,2026-08-04,中商产业研究院汇总江西各市GDP实际增速（按不变价）；非市统计局原始发布
city,新余,江西,2026,H1,,5.6,https://www.askci.com/news/data/hongguan/20260804/141506278582410610314374.shtml,2026-08-04,中商产业研究院汇总江西各市GDP实际增速（按不变价）；非市统计局原始发布
city,赣州,江西,2026,H1,,5.3,https://www.askci.com/news/data/hongguan/20260804/141506278582410610314374.shtml,2026-08-04,中商产业研究院汇总江西各市GDP实际增速（按不变价）；非市统计局原始发布
city,上饶,江西,2026,H1,,1.0,https://www.askci.com/news/data/hongguan/20260804/141506278582410610314374.shtml,2026-08-04,中商产业研究院汇总江西各市GDP实际增速（按不变价）；非市统计局原始发布
city,吉安,江西,2026,H1,,2.8,https://www.globalmarketmonitor.com.cn/plus/list.php?PageNo=9&TotalResult=8859&tid=335,2026-08-07,地方经济运行数据转载并说明GDP按不变价格计算同比增长；待统计局原始页面可查时优先替换
city,抚州,江西,2026,H1,,4.2,https://jx.ifeng.com/c/8uwSeupkFty,2026-07-21,抚州统计官方公众号发布上半年GDP按不变价格同比增长
city,宜春,江西,2026,H1,,3.8,https://www.sohu.com/a/1054179421_121106832,2026-07-24,转载宜春市统计局及国家统计局宜春调查队上半年经济运行情况，按不变价格同比增长
city,鹰潭,江西,2026,H1,,4.5,https://www.sohu.com/a/1053893136_121106832,2026-07-23,转载鹰潭市统计局2026年上半年地区生产总值数据解读；按报道GDP同比增长4.5%
city,南京,江苏,2023,H1,,5.6,https://www.jssh.org.cn/dzqk/xss/2023/202403/P020240304431569351438.pdf,2023-07-31,江苏省13个设区市上半年GDP表；来源说明按地区生产总值口径同比
city,无锡,江苏,2023,H1,,6.6,https://www.jssh.org.cn/dzqk/xss/2023/202403/P020240304431569351438.pdf,2023-07-31,江苏省13个设区市上半年GDP表；来源说明按地区生产总值口径同比
city,徐州,江苏,2023,H1,,8,https://www.jssh.org.cn/dzqk/xss/2023/202403/P020240304431569351438.pdf,2023-07-31,江苏省13个设区市上半年GDP表；来源说明按地区生产总值口径同比
city,常州,江苏,2023,H1,,7,https://www.jssh.org.cn/dzqk/xss/2023/202403/P020240304431569351438.pdf,2023-07-31,江苏省13个设区市上半年GDP表；来源说明按地区生产总值口径同比
city,苏州,江苏,2023,H1,,4.7,https://www.jssh.org.cn/dzqk/xss/2023/202403/P020240304431569351438.pdf,2023-07-31,江苏省13个设区市上半年GDP表；来源说明按地区生产总值口径同比
city,南通,江苏,2023,H1,,7,https://www.jssh.org.cn/dzqk/xss/2023/202403/P020240304431569351438.pdf,2023-07-31,江苏省13个设区市上半年GDP表；来源说明按地区生产总值口径同比
city,连云港,江苏,2023,H1,,12.9,https://www.jssh.org.cn/dzqk/xss/2023/202403/P020240304431569351438.pdf,2023-07-31,江苏省13个设区市上半年GDP表；来源说明按地区生产总值口径同比
city,淮安,江苏,2023,H1,,8,https://www.jssh.org.cn/dzqk/xss/2023/202403/P020240304431569351438.pdf,2023-07-31,江苏省13个设区市上半年GDP表；来源说明按地区生产总值口径同比
city,盐城,江苏,2023,H1,,6.1,https://www.jssh.org.cn/dzqk/xss/2023/202403/P020240304431569351438.pdf,2023-07-31,江苏省13个设区市上半年GDP表；来源说明按地区生产总值口径同比
city,扬州,江苏,2023,H1,,6.2,https://www.jssh.org.cn/dzqk/xss/2023/202403/P020240304431569351438.pdf,2023-07-31,江苏省13个设区市上半年GDP表；来源说明按地区生产总值口径同比
city,镇江,江苏,2023,H1,,6.9,https://www.jssh.org.cn/dzqk/xss/2023/202403/P020240304431569351438.pdf,2023-07-31,江苏省13个设区市上半年GDP表；来源说明按地区生产总值口径同比
city,泰州,江苏,2023,H1,,6.2,https://www.jssh.org.cn/dzqk/xss/2023/202403/P020240304431569351438.pdf,2023-07-31,江苏省13个设区市上半年GDP表；来源说明按地区生产总值口径同比
city,宿迁,江苏,2023,H1,,8.1,https://www.jssh.org.cn/dzqk/xss/2023/202403/P020240304431569351438.pdf,2023-07-31,江苏省13个设区市上半年GDP表；来源说明按地区生产总值口径同比
city,深圳,广东,2024,Q1,,6.4,https://www.askci.com/news/data/hongguan/20240704/101517272005931742188600.shtml,2024-07-04,中商产业研究院整理各市公开数据并注明地区生产总值统一核算结果；实际同比增速
city,广州,广东,2024,Q1,,3.6,https://www.askci.com/news/data/hongguan/20240704/101517272005931742188600.shtml,2024-07-04,中商产业研究院整理各市公开数据并注明地区生产总值统一核算结果；实际同比增速
city,东莞,广东,2024,Q1,,5.5,https://www.askci.com/news/data/hongguan/20240704/101517272005931742188600.shtml,2024-07-04,中商产业研究院整理各市公开数据并注明地区生产总值统一核算结果；实际同比增速
city,珠海,广东,2024,Q1,,6.7,https://www.askci.com/news/data/hongguan/20240704/101517272005931742188600.shtml,2024-07-04,中商产业研究院整理各市公开数据并注明地区生产总值统一核算结果；实际同比增速
city,揭阳,广东,2024,Q1,,8,https://www.askci.com/news/data/hongguan/20240704/101517272005931742188600.shtml,2024-07-04,中商产业研究院整理各市公开数据并注明地区生产总值统一核算结果；实际同比增速
city,徐州,江苏,2026,Q1,,5.4,https://www.yicai.com/news/103164615.html,2026-05-05,新华日报/江苏新闻汇总各市统计局数据；GDP实际增速
city,常州,江苏,2026,Q1,,5.6,https://www.yicai.com/news/103164615.html,2026-05-05,新华日报/江苏新闻汇总各市统计局数据；GDP实际增速
city,连云港,江苏,2026,Q1,,5.1,https://www.lyg.gov.cn/zglygzfmhwz/sjdt1/content/4dc9bf9e-1cac-4f4b-8f12-47809a8503ac.html,2026-04-30,连云港市统计局公布一季度地区生产总值按不变价格实际增速
city,盐城,江苏,2026,Q1,,5.5,https://www.yicai.com/news/103164615.html,2026-05-05,新华日报/江苏新闻汇总各市统计局数据；GDP实际增速
city,扬州,江苏,2026,Q1,,5,https://www.yicai.com/news/103164615.html,2026-05-05,新华日报/江苏新闻汇总各市统计局数据；GDP实际增速
city,镇江,江苏,2026,Q1,,5.7,https://www.yicai.com/news/103164615.html,2026-05-05,新华日报/江苏新闻汇总各市统计局数据；GDP实际增速
city,宿迁,江苏,2026,Q1,,5.8,https://www.yicai.com/news/103164615.html,2026-05-05,新华日报/江苏新闻汇总各市统计局数据；GDP实际增速
city,泰州,江苏,2026,H1,,4.6,https://m.sohu.com/a/1059110561_121007624,2026-08-01,江苏13市上半年经济运行报道；实际GDP增速
city,宿迁,江苏,2026,H1,,5.4,https://www.nbs.cn/news/7/202608/t20260803_791240.html,2026-08-03,南京广播电视台转载新华日报报道；实际GDP增速
city,三明,福建,2026,H1,,-0.5,https://gxt.fujian.gov.cn/zwgk/gysj/xysj/qt/202607/t20260731_7194452.htm,2026-07-31,福建省工信厅转载福建发布，来源注明市统计局；按不变价格实际增速
city,莆田,福建,2026,H1,,4.5,https://gxt.fujian.gov.cn/zwgk/gysj/xysj/qt/202607/t20260731_7194452.htm,2026-07-31,福建省工信厅转载福建发布，来源注明莆田统计；按可比价格实际增速
city,龙岩,福建,2026,H1,,3,https://gxt.fujian.gov.cn/zwgk/gysj/xysj/qt/202607/t20260731_7194452.htm,2026-07-31,福建省工信厅转载福建发布，来源注明龙岩市统计局；实际增速
city,宁德,福建,2026,H1,,6.6,https://gxt.fujian.gov.cn/zwgk/gysj/xysj/qt/202607/t20260731_7194452.htm,2026-07-31,福建省工信厅转载福建发布，来源注明宁德市统计局；按不变价格实际增速
city,泰州,江苏,2026,Q1,,4.6,https://www.taizhou.gov.cn/sjkf/sjjd/art/2026/art_1949041456.html,2026-04-30,泰州市统计局公布一季度地区生产总值按不变价格实际增速
city,淮安,江苏,2026,Q1,,4.8,https://tjj.huaian.gov.cn/col/11847_682474/art/o/17775648/1778121846996vk0ixfsL.html,2026-05-07,淮安市统计局公布一季度地区生产总值按不变价格实际增速
city,连云港,江苏,2026,H1,,4.9,https://www.lyg.gov.cn/zglygzfmhwz/sjdt1/content/ba2b5f74-c288-45cf-9ea2-eb72c3da7cc8.html,2026-07-30,连云港市统计局公布上半年地区生产总值按不变价格实际增速
city,福州,福建,2026,Q1,,5.6,https://tjj.fuzhou.gov.cn/zwgk/tjzl/tjxx/202604/t20260429_5316089.htm,2026-04-29,福州市统计局公布一季度地区生产总值按不变价格实际增速
city,厦门,福建,2026,Q1,,6.3,https://www.qzwb.com/gb/content/2026-04/28/content_9228116.htm,2026-04-28,福建发布汇总；来源标注厦门统计，一季度GDP按不变价格实际增速
city,漳州,福建,2026,Q1,,1.5,https://www.qzwb.com/gb/content/2026-04/28/content_9228116.htm,2026-04-28,福建发布汇总；来源标注漳州统计，一季度GDP同比增速
city,泉州,福建,2026,Q1,,5.5,https://www.qzwb.com/gb/content/2026-04/28/content_9228116.htm,2026-04-28,福建发布汇总；来源标注泉州统计，一季度GDP同比增速
city,三明,福建,2026,Q1,,1.8,https://www.sm.gov.cn/zw/tjxx/tjjd/202604/t20260429_2204491.htm,2026-04-29,三明市统计部门公布一季度地区生产总值按不变价格实际增速
city,宁德,福建,2026,Q1,,6.7,https://www.sohu.com/a/1016957018_121087783,2026-04-30,转载宁德市统计局一季度经济运行数据，注明按不变价格计算
city,龙岩,福建,2026,Q1,,4.2,https://www.globalmarketmonitor.com.cn/market_news/2941175.html,2026-05-19,公开资料转载一季度龙岩市经济运行数据；GDP同比增速
city,淮安,江苏,2026,H1,,4.8,https://www.huaian.gov.cn/col/14449_173466/art/o/17828352/1785294134487htjxfH.html,2026-07-29,淮安市统计部门公布上半年GDP按不变价格实际增速
city,镇江,江苏,2026,H1,,5.4,https://www.jiangsu.gov.cn/art/2026/7/31/art_33718_11812294.html,2026-07-31,江苏省政府转载镇江上半年经济运行数据；GDP实际增速
city,湖州,浙江,2026,H1,,6.0,https://gdp.gotohui.com/list/191647.html,2026-08-16,各市统计局数据汇总；长三角核心城市表列明上半年GDP实际增速
city,衢州,浙江,2026,H1,,6.2,https://finance.sina.com.cn/jjxw/2026-07-24/doc-iniivpqx5182129.shtml,2026-07-24,转自衢州日报，市统计局口径；GDP按不变价格实际增速
city,舟山,浙江,2026,H1,,-2.7,https://gdp.gotohui.com/list/191647.html,2026-08-16,各市统计局数据汇总；长三角核心城市表列明上半年GDP实际增速
city,丽水,浙江,2026,H1,,6.4,https://finance.sina.com.cn/wm/2026-07-27/doc-inikfnph9868710.shtml,2026-07-27,转自丽水日报，市统计局披露按不变价格计算同比增长
city,成都,四川,2026,H1,,5.0,https://sichuan.scol.com.cn/ggxw/202607/83293552.html,2026-07-23,转自成都市统计局；按不变价格计算同比增长
city,绵阳,四川,2026,H1,,5.4,https://www.myscxx.com/scxxb/yaowen/2026-07-24/158437.html,2026-07-24,转自绵阳市统计局；按不变价格计算同比增长
city,泸州,四川,2026,H1,,5.5,https://sichuan.scol.com.cn/ggxw/202607/83294290.html,2026-07-24,四川在线报道，引用泸州上半年经济数据；GDP同比增长
city,甘孜,四川,2026,H1,,6.1,https://cbgc.scol.com.cn/news/7769557,2026-07-17,川观新闻引用甘孜州统计局；按不变价格计算同比增长
city,眉山,四川,2026,H1,,6.0,https://meishan.scol.com.cn/sdtp/202607/83290183.html,2026-07-17,川观新闻引用眉山市统计局；地区生产总值同比增长
city,青岛,山东,2026,H1,,5.5,https://www.qingdao.gov.cn/zwgk/xxgk/tjj/gkml/tjjd/202607/t20260729_10688442.shtml,2026-07-24,青岛市统计局发布；按不变价格计算同比增长
city,济南,山东,2026,H1,,5.5,https://finance.sina.com.cn/jjxw/2026-07-28/doc-inikizzz2451695.shtml,2026-07-28,界面新闻转引济南市统计局；上半年地区生产总值实际增速
city,三门峡,河南,2026,H1,,4.8,https://www.smx.gov.cn/10486/2026/7/2293166.html,2026-07-29,三门峡市政府发布；按不变价格计算同比增长
city,许昌,河南,2026,H1,,5.8,https://www.xuchang.gov.cn/xcsrmzfsjfb/037002/20260724/3060ed24-fffc-442e-b278-75d745511652.html,2026-07-24,许昌市政府发布；按不变价格计算同比增长
city,周口,河南,2026,H1,,5.0,https://www.zhoukou.gov.cn/page_pc/sjfb/fxjd/articlea7bae649e3d94f06812504fb0a954767.html,2026-07-24,周口市政府转市统计局数据；按不变价格计算同比增长
city,鄂尔多斯,内蒙古,2026,H1,,5.5,https://tjj.ordos.gov.cn/xwdt/202608/t20260804_1833386.html,2026-07-24,鄂尔多斯市统计局发布；按不变价格计算同比增长
city,三亚,海南,2026,H1,,4.3,https://tjj.sanya.gov.cn/tjjsite/gzdt/202607/82608bce13ea441e84e8959223de9185.shtml,2026-07-24,三亚市统计局发布；按不变价格计算同比增长
city,武汉,湖北,2026,H1,,5.7,https://whsj.wuhan.gov.cn/mtbd/202607/t20260723_2824811.shtml,2026-07-23,武汉市统计局与国家统计局武汉调查队发布；按不变价格计算同比增长
city,宜昌,湖北,2026,H1,,6.8,https://www.yichang.gov.cn/html/zhengwuyizhantong/zhengwuzixun/zhongyaoxinwen/2026/0817/1078793.html,2026-07-22,宜昌市统计局数据；按不变价格计算同比增长
city,鄂州,湖北,2026,H1,711.97,4.3,https://gdkfq.ezhou.gov.cn/gk/sjfb/tjxx/202609/t20260901_781146.html,2026-09-01,鄂州市统计局发布；GDP按不变价格计算同比增长
city,荆州,湖北,2026,H1,1827.55,5.3,https://www.sohu.com/a/1053907544_121106908,2026-07-23,转发荆州市统计局和国家统计局荆州调查队数据；按不变价格计算同比增长
city,乌鲁木齐,新疆,2026,H1,2497.05,2.6,https://www.wlmq.gov.cn/wlmqs/c119360/202607/8a6bd40ff3b74063905404769d91bf08.shtml,2026-07-28,乌鲁木齐市统计局发布；按不变价格计算同比增长
city,昆明,云南,2026,H1,,2.6,https://m.kunming.cn/news/c/2026-07-24/14061003.shtml,2026-07-24,昆明市统计局发布；按不变价格计算同比增长
city,合肥,安徽,2026,H1,,6.8,https://www.stcn.com/article/detail/4046653.html,2026-07-29,证券时报转发合肥市统计局数据；按不变价格计算同比增长
city,大连,辽宁,2026,H1,,5.1,https://finance.sina.com.cn/wm/2026-07-20/doc-iniimzhe8203260.shtml,2026-07-20,辽宁发布转发大连市统计局及国家统计局大连调查队数据；按不变价格计算同比增长
city,营口,辽宁,2026,Q1,358.2,2.8,https://www.yingkou.gov.cn/govxxgk/ykszf/2026-04-23/272c5a8d-f9bc-4be7-9daf-1b2e9ae3db12.html,2026-04-23,营口市政府发布；按不变价格计算同比增长
city,营口,辽宁,2026,H1,,2.6,https://tjj.yingkou.gov.cn/008/008007/20260728/069d5ba5-88ee-4980-b60c-9fcbcb1968f8.html,2026-07-28,营口市统计局发布；按可比价计算同比增长
city,通辽,内蒙古,2026,Q1,354.22,4.0,https://tjj.tongliao.gov.cn/xwzx/sjfbyjd/202604/t20260430_1046085.html,2026-04-30,通辽市统计局发布；按不变价格计算同比增长
city,通辽,内蒙古,2026,H1,,4.0,https://tjj.tongliao.gov.cn/xwzx/sjfbyjd/tjxx_21006/202607/t20260724_1061927.html,2026-07-24,通辽市统计局发布；按不变价格计算同比增长
city,甘南藏族自治州,甘肃,2026,H1,141.59,3.3,https://zwfw.gansu.gov.cn/gannan/tsfw/xmtzfwzq/xwdt/art/2026/art_da25d58973ee42e0b995be876c6eb1e1.html,2026-07-24,甘南州统计局和国家统计局甘南调查队发布；按不变价格计算同比增长
city,张掖,甘肃,2026,H1,370.08,7.1,https://www.zhangye.gov.cn/zyszfxxgk/fdzdgknr_5657/tjxx/202607/t20260723_1566454_ghb.html,2026-07-23,张掖市统计局发布；按不变价格计算同比增长
city,阳泉,山西,2026,Q1,225.3,4.0,https://nyncj.yq.gov.cn/nyxw/gzdt/202605/t20260513_2200483.html,2026-05-13,阳泉市统计局数据经阳泉日报报道；按不变价格计算同比增长
city,吕梁,山西,2026,Q1,583.5,4.0,https://www.lvliang.gov.cn/llxxgk/zfxxgk/xxgkml/gbmwj/tjj/fdzdgknr_55648/sjfb_55659/202604/t20260428_2030074.html,2026-04-27,吕梁市统计局发布；按不变价格计算同比增长
city,信阳,河南,2026,Q1,697.83,5.3,https://news.10jqka.com.cn/20260427/c676299561.shtml,2026-04-27,转述信阳市政府地区生产总值统一核算结果；按不变价格计算同比增长
city,信阳,河南,2026,H1,,5.1,https://m.xinyang.gov.cn/2026/07-30/796723.html,2026-07-30,信阳市统计局发布；按不变价格计算同比增长
city,秦皇岛,河北,2026,H1,1179.17,5.1,https://m.thepaper.cn/newsDetail_forward_33696843,2026-08-02,秦皇岛市融媒体中心转述市统计部门数据；按不变价格计算同比增长
city,邯郸,河北,2026,H1,2548.5,5.5,https://hd.hebccw.cn/system/2026/07/24/102207599.shtml,2026-07-24,邯郸市政府新闻办发布会；市统计局介绍地区生产总值统一核算结果，按不变价格计算同比增长
city,保定,河北,2026,H1,2508.6,4.4,https://www.sohu.com/a/1053481604_121106842,2026-07-22,保定市统计局与国家统计局保定调查队发布；采用含定州市口径，按不变价格计算同比增长
city,沧州,河北,2026,H1,2574.8,5.2,https://www.sohu.com/a/1053918493_121106842,2026-07-23,沧州市统计局发布；按不变价格计算同比增长
city,永州,湖南,2026,H1,1359.87,2.8,https://tjj.yzcity.gov.cn/tjj/031006/202608/709ca1ad15aa4232bf46a6c6f5fb48e1.shtml,2026-08-06,永州市统计局发布初步核算结果；总量现价、增速不变价
city,衡水,河北,2026,H1,984.4,5.3,https://finance.sina.com.cn/roll/2026-08-05/doc-inimfmyv1584135.shtml,2026-08-05,衡水市统计局发布；按不变价格计算同比增长
city,娄底,湖南,2026,H1,,4.0,https://m.ldnews.cn/pcarticle/755390.shtml,2026-07-27,娄底市统计局数据由娄底日报报道；按不变价格计算同比增长
city,抚顺,辽宁,2026,H1,514.2,2.6,https://www.sohu.com/a/1053865062_121106822,2026-07-23,抚顺市统计局核算科供稿；按可比价格计算同比增长
city,晋城,山西,2026,H1,1144.2,3.1,https://jcgov.gov.cn/dtxx/bmdt/202608/t20260827_2384826.shtml,2026-08-27,晋城市统计局发布地区生产总值统一核算结果；按不变价格计算同比增长
city,大同,山西,2026,H1,855.5,2.3,https://ai.dt.gov.cn/dtszf/tjfx/202608/2ab88e21ae934210af7f1037b31067fd.shtml,2026-08-03,大同市统计局发布；按不变价格计算同比增长；以政府发布精度替换二手榜单值
city,芜湖,安徽,2026,H1,2781.55,6.0,https://tjj.wuhu.gov.cn/openness/public/6596741/41257537.html,2026-07-29,芜湖市统计局新闻发布稿；按不变价格计算同比增长
city,洛阳,河南,2026,H1,,5.0,https://app.dahecube.com/nweb/news/20260724/281508n72f0ea1e04e.htm,2026-07-24,大河财立方报道洛阳市统计局公布数据；报道注明按不变价格计算同比增长，保留现有官方GDP总量
city,岳阳,湖南,2026,H1,,3.6,https://www.0730news.com/detail?infoid=241533,2026-08-08,岳阳广电报道市统计局发布数据；明确按可比价格计算同比增长，保留现有GDP总量
